{
    "Model": {
        "Variables": {
            "Accuracy": 0.9328282828282828,
            "Precision": 0.8303030303030302,
            "Recall": 0.7994949494949495,
            "F1 Score": 0.8095238095238095
        },
        "Functions": {
            "Accuracy": 0.9734848484848485,
            "Precision": 0.9457070707070707,
            "Recall": 0.9368686868686869,
            "F1 Score": 0.9365319865319864
        },
        "Calculations": {
            "Accuracy": 0.8483585219719489,
            "Precision": 0.8953289765468562,
            "Recall": 0.9433614767746296,
            "F1 Score": 0.9016656059938669
        },
        "Total": {
            "Accuracy": 0.91822388442836,
            "Precision": 0.8904463591856524,
            "Recall": 0.893241704379422,
            "F1 Score": 0.882573800683221
        }
    },
    "Defects": {
        "Critical Variables Manipulation (CVM)": {
            "TP": 1,
            "FP": 0,
            "TN": 32,
            "FN": 0,
            "Accuracy": 1.0,
            "Precision": 1.0,
            "Recall": 1.0,
            "F1 Score": 1.0
        },
        "Rewards without Timedelay (RT)": {
            "TP": 3,
            "FP": 0,
            "TN": 29,
            "FN": 1,
            "Accuracy": 0.9696969696969697,
            "Precision": 1.0,
            "Recall": 0.75,
            "F1 Score": 0.8571428571428571
        },
        "Single Liquidity Pool Reliance (SLR)": {
            "TP": 2,
            "FP": 0,
            "TN": 30,
            "FN": 1,
            "Accuracy": 0.9696969696969697,
            "Precision": 1.0,
            "Recall": 0.6666666666666666,
            "F1 Score": 0.8
        },
        "Omission in Status Update (OSU)": {
            "TP": 4,
            "FP": 0,
            "TN": 28,
            "FN": 1,
            "Accuracy": 0.9696969696969697,
            "Precision": 1.0,
            "Recall": 0.8,
            "F1 Score": 0.888888888888889
        },
        "Unsafe Verifications (UV)": {
            "TP": 4,
            "FP": 2,
            "TN": 27,
            "FN": 0,
            "Accuracy": 0.9393939393939394,
            "Precision": 0.6666666666666666,
            "Recall": 1.0,
            "F1 Score": 0.8
        },
        "Unauthorized User Funds Access (UFA)": {
            "TP": 6,
            "FP": 0,
            "TN": 26,
            "FN": 1,
            "Accuracy": 0.9696969696969697,
            "Precision": 1.0,
            "Recall": 0.8571428571428571,
            "F1 Score": 0.923076923076923
        },
        "Total": {
            "Accuracy": 0.9628099173553718,
            "Precision": 0.9090909090909091,
            "Recall": 0.8602813852813853,
            "F1 Score": 0.8666111666111666
        }
    }
}